{"cameraMode":{"drawMode":0,"name":"Shaded","section":"Shading Mode"},"sceneLighting":true,"audioPlay":false,"sceneViewState":{"m_AlwaysRefresh":false,"showFog":true,"showSkybox":true,"showFlares":true,"showImageEffects":true,"showParticleSystems":true,"showVisualEffectGraphs":true,"m_FxEnabled":true},"in2DMode":false,"pivot":{"x":0.560163676738739,"y":1.4099290370941163,"z":-6.813155651092529},"rotation":{"x":0.13688258826732636,"y":0.5539239048957825,"z":-0.09292647987604141,"w":0.8159634470939636},"size":1.2207562923431397,"orthographic":false}