{"cameraMode":{"drawMode":0,"name":"Shaded","section":"Shading Mode"},"sceneLighting":false,"audioPlay":false,"sceneViewState":{"m_AlwaysRefresh":false,"showFog":true,"showSkybox":false,"showFlares":true,"showImageEffects":true,"showParticleSystems":true,"showVisualEffectGraphs":true,"m_FxEnabled":true},"in2DMode":false,"pivot":{"x":0.03515562415122986,"y":1.0055367946624756,"z":-3.959526538848877},"rotation":{"x":0.05648782476782799,"y":-0.7108006477355957,"z":0.05752266198396683,"w":0.6990141868591309},"size":1.8541395664215088,"orthographic":false}