{"cameraMode":{"drawMode":0,"name":"Shaded","section":"Shading Mode"},"sceneLighting":false,"audioPlay":false,"sceneViewState":{"m_AlwaysRefresh":false,"showFog":true,"showSkybox":false,"showFlares":true,"showImageEffects":true,"showParticleSystems":true,"showVisualEffectGraphs":true,"m_FxEnabled":true},"in2DMode":false,"pivot":{"x":0.778275728225708,"y":1.3346234560012818,"z":10.586094856262207},"rotation":{"x":-0.011830317787826062,"y":-0.9793673753738403,"z":0.05939336493611336,"w":-0.19315756857395173},"size":0.8660253882408142,"orthographic":false}